[
  {
    "model": "materials.course",
    "pk": 1,
    "fields": {
      "title": "Django Базовый",
      "description": "Основы Django",
      "preview": ""
    }
  },
  {
    "model": "materials.course",
    "pk": 2,
    "fields": {
      "title": "Django REST",
      "description": "Работа с DRF",
      "preview": ""
    }
  },
  {
    "model": "materials.lesson",
    "pk": 1,
    "fields": {
      "title": "Введение",
      "description": "Обзор курса",
      "preview": "",
      "video_url": "https://example.com/1",
      "course": 1
    }
  },
  {
    "model": "materials.lesson",
    "pk": 2,
    "fields": {
      "title": "Установка Django",
      "description": "Как установить Django",
      "preview": "",
      "video_url": "https://example.com/2",
      "course": 1
    }
  },
  {
    "model": "materials.lesson",
    "pk": 3,
    "fields": {
      "title": "DRF сериализаторы",
      "description": "Как писать API",
      "preview": "",
      "video_url": "https://example.com/3",
      "course": 2
    }
  },
  {
    "model": "users.payment",
    "pk": 1,
    "fields": {
      "user": 1,
      "course": 1,
      "lesson": null,
      "amount": "1000.00",
      "payment_method": "cash",
      "date": "2025-07-01T12:00:00Z"
    }
  },
  {
    "model": "users.payment",
    "pk": 2,
    "fields": {
      "user": 1,
      "course": null,
      "lesson": 3,
      "amount": "500.00",
      "payment_method": "transfer",
      "date": "2025-07-05T15:00:00Z"
    }
  }
]
